{
	"command.wrapWithAbbreviation": "Wrap with Abbreviation",
	"command.wrapIndividualLinesWithAbbreviation": "Wrap Individual Lines with Abbreviation",
	"command.removeTag": "Quitar etiqueta",
	"command.updateTag": "Actualizar etiqueta",
	"command.matchTag": "Ir al par coincidente",
	"command.balanceIn": "Equilibrio (entrante)",
	"command.balanceOut": "Equilibrio (saliente)",
	"command.prevEditPoint": "Ir al punto de edición anterior",
	"command.nextEditPoint": "Ir al siguiente punto de edición",
	"command.mergeLines": "Combinar líneas",
	"command.selectPrevItem": "Seleccionar el elemento anterior",
	"command.selectNextItem": "Seleccionar el siguiente elemento",
	"command.splitJoinTag": "Dividir/Combinar etiqueta",
	"command.toggleComment": "Alternar comentario",
	"command.evaluateMathExpression": "Evaluar expresión matemática",
	"command.updateImageSize": "Actualizar tamaño de imagen",
	"command.reflectCSSValue": "Reflejar valor CSS",
	"command.incrementNumberByOne": "Aumentar por 1",
	"command.decrementNumberByOne": "Disminuir por 1",
	"command.incrementNumberByOneTenth": "Aumentar por 0.1",
	"command.decrementNumberByOneTenth": "Disminuir por 0.1",
	"command.incrementNumberByTen": "Aumentar por 10",
	"command.decrementNumberByTen": "Disminuir por 10",
	"emmetSyntaxProfiles": "Defina el perfil de la sintaxis especificada o use su propio perfil con reglas específicas.",
	"emmetExclude": "Matriz de lenguajes donde no deben expandirse la abreviación Emmet.",
	"emmetExtensionsPath": "Ruta de acceso a una carpeta que contiene perfiles de Emmet, fragmentos de código y preferencias. Solo se respetan los perfiles de la ruta de acceso de extensiones cuando emmet.useNewEmmet se establece en true.",
	"emmetShowExpandedAbbreviation": "\nMuestra abreviaciones Emmet expandidas como sugerencias. La opción \"inMarkupAndStylesheetFilesOnly\" se aplica a HTML, HAML, Jade, Slim, XML, XSL, CSS, SCSS, SASS, LESS y Stylus. La opción \"always\" se aplica a todas las partes del archivo, independientemente de que sea de marcado o CSS.",
	"emmetShowAbbreviationSuggestions": "Muestra posibles abreviaciones Emmet como sugerencias. No se aplica a hojas de estilos ni cuando emmet.showExpandedAbbreviation está establecido en \"never\".",
	"emmetIncludeLanguages": "Habilita abreviaciones Emmet en lenguajes que no se admiten de forma predeterminada. Agregue una asignación aquí entre el lenguaje y el lenguaje que admite Emmet.\n Ejemplo: {\"vue-html\": \"html\", \"javascript\": \"javascriptreact\"}",
	"emmetVariables": "Variables para usar en fragmentos de código Emmet",
	"emmetTriggerExpansionOnTab": "When enabled, emmet abbreviations are expanded when pressing TAB."
}