{
	"command.wrapWithAbbreviation": "Wrap with Abbreviation",
	"command.wrapIndividualLinesWithAbbreviation": "Wrap Individual Lines with Abbreviation",
	"command.removeTag": "Remove Tag",
	"command.updateTag": "Update Tag",
	"command.matchTag": "Go to Matching Pair",
	"command.balanceIn": "Balance (inward)",
	"command.balanceOut": "Balance (outward)",
	"command.prevEditPoint": "Go to Previous Edit Point",
	"command.nextEditPoint": "Go to Next Edit Point",
	"command.mergeLines": "Merge Lines",
	"command.selectPrevItem": "Select Previous Item",
	"command.selectNextItem": "Select Next Item",
	"command.splitJoinTag": "Split/Join Tag",
	"command.toggleComment": "Toggle Comment",
	"command.evaluateMathExpression": "Evaluate Math Expression",
	"command.updateImageSize": "Update Image Size",
	"command.reflectCSSValue": "Reflect CSS Value",
	"command.incrementNumberByOne": "Increment by 1",
	"command.decrementNumberByOne": "Decrement by 1",
	"command.incrementNumberByOneTenth": "Increment by 0.1",
	"command.decrementNumberByOneTenth": "Decrement by 0.1",
	"command.incrementNumberByTen": "Increment by 10",
	"command.decrementNumberByTen": "Decrement by 10",
	"emmetSyntaxProfiles": "Define profile for specified syntax or use your own profile with specific rules.",
	"emmetExclude": "An array of languages where emmet abbreviations should not be expanded.",
	"emmetExtensionsPath": "Path to a folder containing emmet profiles and snippets.'",
	"emmetShowExpandedAbbreviation": "Shows expanded emmet abbreviations as suggestions.\nThe option \"inMarkupAndStylesheetFilesOnly\" applies to html, haml, jade, slim, xml, xsl, css, scss, sass, less and stylus.\nThe option \"always\" applies to all parts of the file regardless of markup/css.",
	"emmetShowAbbreviationSuggestions": "Shows possible emmet abbreviations as suggestions. Not applicable in stylesheets or when emmet.showExpandedAbbreviation is set to \"never\".",
	"emmetIncludeLanguages": "Enable emmet abbreviations in languages that are not supported by default. Add a mapping here between the language and emmet supported language.\n Eg: {\"vue-html\": \"html\", \"javascript\": \"javascriptreact\"}",
	"emmetVariables": "Variables to be used in emmet snippets",
	"emmetTriggerExpansionOnTab": "When enabled, emmet abbreviations are expanded when pressing TAB."
}