{
	"command.wrapWithAbbreviation": "Wrap with Abbreviation",
	"command.wrapIndividualLinesWithAbbreviation": "Wrap Individual Lines with Abbreviation",
	"command.removeTag": "Tag entfernen",
	"command.updateTag": "Tag aktualisieren",
	"command.matchTag": "Gehe zu übereinstimmendem Paar",
	"command.balanceIn": "Ausgleichen (einwärts)",
	"command.balanceOut": "Ausgleichen (auswärts)",
	"command.prevEditPoint": "Gehe zum vorherigen Bearbeitungspunkt",
	"command.nextEditPoint": "Gehe zum nächsten Bearbeitungspunkt",
	"command.mergeLines": "Zeilen mergen",
	"command.selectPrevItem": "Vorheriges Element auswählen",
	"command.selectNextItem": "Nächstes Element auswählen",
	"command.splitJoinTag": "Tag teilen/verknüpfen",
	"command.toggleComment": "Kommentar ein-/ausschalten",
	"command.evaluateMathExpression": "Mathematischen Ausdruck auswerten",
	"command.updateImageSize": "Bildgröße aktualisieren",
	"command.reflectCSSValue": "CSS-Wert reflektieren",
	"command.incrementNumberByOne": "Um 1 erhöhen",
	"command.decrementNumberByOne": "Um 1 verringern",
	"command.incrementNumberByOneTenth": "Um 0,1 erhöhen",
	"command.decrementNumberByOneTenth": "Um 0,1 verringern",
	"command.incrementNumberByTen": "Um 10 erhöhen",
	"command.decrementNumberByTen": "Um 10 verringern",
	"emmetSyntaxProfiles": "Definieren Sie das Profil für die angegebene Syntax, oder verwenden Sie Ihr eigenes Profil mit bestimmten Regeln.",
	"emmetExclude": "Ein Array von Sprachen, in dem Emmet-Abkürzungen nicht erweitert werden sollen.",
	"emmetExtensionsPath": "Pfad zu einem Ordner mit Emmet-Profilen, -Ausschnitten und -Einstellungen. Wenn emmet.useNewEmmet auf \"true\" festgelegt ist, werden nur Profile vom Erweiterungspfad berücksichtigt. ",
	"emmetShowExpandedAbbreviation": "Zeigt erweiterte Emmet-Abkürzungen als Vorschläge an.\nDie Option inMarkupAndStylesheetFilesOnly gilt für HTML, HAML, Jade, Slim, XML, XSL, CSS, SCSS, Sass, Less und Stylus.\nDie Option \"always\" gilt unabhängig vom Markup/CSS für alle Teile der Datei.",
	"emmetShowAbbreviationSuggestions": "Zeigt mögliche Emmet-Abkürzungen als Vorschläge an. Diese Option gilt nicht in Stylesheets oder wenn emmet.showExpandedAbbreviation auf \"never\" festgelegt ist.",
	"emmetIncludeLanguages": "Aktivieren Sie Emmet-Abkürzungen in Sprachen, die nicht standardmäßig unterstützt werden. Fügen Sie hier ein Mapping zwischen der Sprache und der von Emmet unterstützten Sprache hinzu.\nBeispiel: {\"vue-html\": \"html\", \"javascript\": \"javascriptreact\"}",
	"emmetVariables": "In Emmet-Ausschnitten zu verwendende Variablen",
	"emmetTriggerExpansionOnTab": "When enabled, emmet abbreviations are expanded when pressing TAB."
}