{
	"command.wrapWithAbbreviation": "Wrap with Abbreviation",
	"command.wrapIndividualLinesWithAbbreviation": "Wrap Individual Lines with Abbreviation",
	"command.removeTag": "Supprimer le Tag",
	"command.updateTag": "Mettre à jour le Tag",
	"command.matchTag": "Aller à la paire correspondante",
	"command.balanceIn": "Equilibrer (vers l'intérieur)",
	"command.balanceOut": "Equilibrer (vers l'extérieur)",
	"command.prevEditPoint": "Aller au Point d'édition précédent",
	"command.nextEditPoint": "Aller au Point d’édition suivant",
	"command.mergeLines": "Fusionner les lignes",
	"command.selectPrevItem": "Sélectionner l’élément précédent",
	"command.selectNextItem": "Sélectionner l’élément suivant",
	"command.splitJoinTag": "Séparer / Joindre le Tag",
	"command.toggleComment": "Activer/désactiver le commentaire",
	"command.evaluateMathExpression": "Évaluer l’Expression mathématique",
	"command.updateImageSize": "Mettre à jour la taille de l’image",
	"command.reflectCSSValue": "Reflèter la valeur CSS",
	"command.incrementNumberByOne": "Incrémenter de 1",
	"command.decrementNumberByOne": "Décrémenter de 1",
	"command.incrementNumberByOneTenth": "Incrémenter de 0,1",
	"command.decrementNumberByOneTenth": "Décrémenter de 0,1",
	"command.incrementNumberByTen": "Incrémenter de 10",
	"command.decrementNumberByTen": "Décrémenter de 10",
	"emmetSyntaxProfiles": "Définissez le profil pour la syntaxe spécifiée ou utilisez votre propre profil avec des règles spécifiques.",
	"emmetExclude": "Ensemble de langages où les abréviations emmet ne doivent pas être développées.",
	"emmetExtensionsPath": "Chemin d'un dossier contenant les profils, extraits de code et préférences Emmet. Seuls les profils sont honorés à partir du chemin des extensions quand emmet.useNewEmmet est défini sur true.",
	"emmetShowExpandedAbbreviation": "Affiche les abréviations Emmet développées sous forme de suggestions.\nL’option \"inMarkupAndStylesheetFilesOnly\" s’applique à html, haml, jade, slim, xml, xsl, css, scss, sass, less et un stylet.\nL’option \"toujours\" s’applique à toutes les parties du fichier indépendamment du balisage/css.",
	"emmetShowAbbreviationSuggestions": "Affiche les abréviations Emmet possibles sous forme de suggestions. Non applicable dans les feuilles de style ou quand emmet.showExpandedAbbreviation est défini sur \"jamais\".",
	"emmetIncludeLanguages": "Active les abréviations Emmet dans les langages qui ne sont pas pris en charge par défaut. Ajoute un mappage ici entre le langage et le langage Emmet pris en charge .\n Par exemple : {\"vue-html\": \"html\", \"javascript\": \"javascriptreact\"}",
	"emmetVariables": "Variables à utiliser dans les extraits Emmet",
	"emmetTriggerExpansionOnTab": "When enabled, emmet abbreviations are expanded when pressing TAB."
}