{
	"command.wrapWithAbbreviation": "Wrap with Abbreviation",
	"command.wrapIndividualLinesWithAbbreviation": "Wrap Individual Lines with Abbreviation",
	"command.removeTag": "Удалить тег",
	"command.updateTag": "Обновить тег",
	"command.matchTag": "Перейти к соответствующей паре",
	"command.balanceIn": "Баланс (входящий)",
	"command.balanceOut": "Баланс (исходящий)",
	"command.prevEditPoint": "Перейти к предыдущей точке изменения",
	"command.nextEditPoint": "Перейти к следующей точке изменения",
	"command.mergeLines": "Объединить строки",
	"command.selectPrevItem": "Выбрать предыдущий элемент",
	"command.selectNextItem": "Выбрать следующий элемент",
	"command.splitJoinTag": "Разделить/объединить тег",
	"command.toggleComment": "Переключить комментарий",
	"command.evaluateMathExpression": "Вычислить математическое выражение",
	"command.updateImageSize": "Обновить размер изображения",
	"command.reflectCSSValue": "Отражать значение CSS",
	"command.incrementNumberByOne": "Увеличить значение на 1",
	"command.decrementNumberByOne": "Уменьшить значение на 1",
	"command.incrementNumberByOneTenth": "Увеличить значение на 0.1",
	"command.decrementNumberByOneTenth": "Уменьшить значение на 0.1",
	"command.incrementNumberByTen": "Увеличить значение на 10",
	"command.decrementNumberByTen": "Уменьшить значение на 10",
	"emmetSyntaxProfiles": "Задайте профиль для указанного синтаксиса или используйте свой собственный профиль с определенными правилами.",
	"emmetExclude": "Массив языков, в которых не должны развертываться сокращения Emmet.",
	"emmetExtensionsPath": "Путь к папке, содержащей профили Emmet, фрагменты кода и настройки. Если параметр emmet.useNewemmet имеет значение 'true', используются только профили для путей расширения.",
	"emmetShowExpandedAbbreviation": "Отображает развернутые сокращения Emmet в виде предложений.\nПараметр \"inMarkupAndStylesheetFilesOnly\" применяется к html, haml, jade, slim, xml, xsl, css, scss, sass, less и stylus .\nПараметр \"always\" применяется ко всем частям файла независимо от разметки и стилей.",
	"emmetShowAbbreviationSuggestions": "Отображает возможные сокращения Emmet в виде предложений. Не применяется в таблицах стилей или если параметр emmet.showExpandedAbbreviation имеет значение \"never\".",
	"emmetIncludeLanguages": "Включает сокращения Emmet в языках, которые не поддерживаются по умолчанию. Здесь можно указать связь между не поддерживаемым и поддерживаемым языками.\nПример: {\"vue-html\": \"html\", \"javascript\": \"javascriptreact\"}",
	"emmetVariables": "Переменные, которые будут использоваться во фрагментах Emmet",
	"emmetTriggerExpansionOnTab": "When enabled, emmet abbreviations are expanded when pressing TAB."
}